fact,length
"Unlike dogs, cats do not have a sweet tooth. Scientists believe this is due to a mutation in a key taste receptor.",114
"When a cat chases its prey, it keeps its head level. Dogs and humans bob their heads up and down.",97
The technical term for a cat’s hairball is a “bezoar.”,54
A group of cats is called a “clowder.”,38
"A cat can’t climb head first down a tree because every claw on a cat’s paw points the same way. To get down from a tree, a cat must back down.",142
Cats make about 100 different sounds. Dogs make only about 10.,62
"Every year, nearly four million cats are eaten in Asia.",55
"There are more than 500 million domestic cats in the world, with approximately 40 recognized breeds.",100
Approximately 24 cat skins can make a coat.,43
"While it is commonly thought that the ancient Egyptians were the first to domesticate cats, the oldest known pet cat was recently found in a 9,500-year-old grave on the Mediterranean island of Cyprus. This grave predates early Egyptian art depicting cats by 4,000 years or more.",278
