name,capital,population,area,languages,density
Iceland,Reykjavik,366425,103000.0,Icelandic,3.55752427184466
Luxembourg,Luxembourg,632275,2586.0,"German, French, Luxembourgish",244.49922660479504
Estonia,Tallinn,1331057,45227.0,Estonian,29.430583501006037
Belarus,Minsk,9398861,207600.0,"Belarusian, Russian",45.27389691714836
Greece,Athens,10715549,131990.0,Greek,81.1845518599894
Åland Islands,Mariehamn,29458,1580.0,Swedish,18.644303797468353
San Marino,City of San Marino,33938,61.0,Italian,556.360655737705
Italy,Rome,59554023,301336.0,Italian,197.63328311253883
Monaco,Monaco,39244,2.02,French,19427.722772277226
Slovakia,Bratislava,5458827,49037.0,Slovak,111.32057426025246
Faroe Islands,Tórshavn,48865,1393.0,"Danish, Faroese",35.07896625987078
North Macedonia,Skopje,2077132,25713.0,Macedonian,80.78139462528682
Cyprus,Nicosia,1207361,9251.0,"Greek, Turkish",130.51140417252188
Lithuania,Vilnius,2794700,65300.0,Lithuanian,42.797856049004594
Moldova,Chișinău,2617820,33846.0,Romanian,77.3450333865154
Switzerland,Bern,8654622,41284.0,"French, Swiss German, Italian, Romansh",209.63622710977617
Norway,Oslo,5379475,323802.0,"Norwegian Nynorsk, Norwegian Bokmål, Sami",16.613470577698717
Croatia,Zagreb,4047200,56594.0,Croatian,71.51288122415804
Finland,Helsinki,5530719,338424.0,"Finnish, Swedish",16.342573221757323
Russia,Moscow,144104080,17098242.0,Russian,8.42800563941018
Andorra,Andorra la Vella,77265,468.0,Catalan,165.09615384615384
Austria,Vienna,8917205,83871.0,German,106.32048026135375
Spain,Madrid,47351567,505992.0,"Spanish, Catalan, Basque, Galician",93.58165148856108
Jersey,Saint Helier,100800,116.0,"English, French, Jèrriais",868.9655172413793
Sweden,Stockholm,10353442,450295.0,Swedish,22.99257597797
Isle of Man,Douglas,85032,572.0,"English, Manx",148.65734265734267
Romania,Bucharest,19286123,238391.0,Romanian,80.90122110314567
Bosnia and Herzegovina,Sarajevo,3280815,51209.0,"Bosnian, Croatian, Serbian",64.06715616395556
Malta,Valletta,525285,316.0,"English, Maltese",1662.2943037974683
Netherlands,Amsterdam,16655799,41850.0,Dutch,397.9880286738351
United Kingdom,London,67215293,242900.0,English,276.7200205846027
Ukraine,Kyiv,44134693,603500.0,Ukrainian,73.13122286661144
Portugal,Lisbon,10305564,92090.0,Portuguese,111.90752524704094
Slovenia,Ljubljana,2100126,20273.0,Slovene,103.59226557490258
Belgium,Brussels,11555997,30528.0,"German, French, Dutch",378.53763757861634
Poland,Warsaw,37950802,312679.0,Polish,121.37304392044237
Czechia,Prague,10698896,78865.0,"Czech, Slovak",135.66088886071134
Denmark,Copenhagen,5831404,43094.0,Danish,135.3182345570149
Montenegro,Podgorica,621718,13812.0,Montenegrin,45.01288734433825
France,Paris,67391582,551695.0,French,122.15369361694414
Ireland,Dublin,4994724,70273.0,"English, Irish",71.07600358601454
Hungary,Budapest,9749763,93028.0,Hungarian,104.80460721503204
Liechtenstein,Vaduz,38137,160.0,German,238.35625
Gibraltar,Gibraltar,33691,6.0,English,5615.166666666667
Guernsey,St. Peter Port,62999,78.0,"English, French, Guernésiais",807.6794871794872
Germany,Berlin,83240525,357114.0,German,233.09230385815175
Vatican City,Vatican City,451,0.44,"Italian, Latin",1025.0
Albania,Tirana,2837743,28748.0,Albanian,98.71097119799639
Svalbard and Jan Mayen,Longyearbyen,2562,61399.0,Norwegian,0.041727063958696395
Latvia,Riga,1901548,64559.0,Latvian,29.454421536888738
Serbia,Belgrade,6908224,88361.0,Serbian,78.1818222971673
Kosovo,Pristina,1775378,10908.0,"Albanian, Serbian",162.75925925925927
Bulgaria,Sofia,6927288,110879.0,Bulgarian,62.476104582472786
