name,type,hp,attack,defense,speed,height,weight
Bulbasaur,Grass,45,49,49,45,7,69
Ivysaur,Grass,60,62,63,60,10,130
Venusaur,Grass,80,82,83,80,20,1000
Charmander,Fire,39,52,43,65,6,85
Charmeleon,Fire,58,64,58,80,11,190
Charizard,Fire,78,84,78,100,17,905
Squirtle,Water,44,48,65,43,5,90
Wartortle,Water,59,63,80,58,10,225
Blastoise,Water,79,83,100,78,16,855
Caterpie,Bug,45,30,35,45,3,29
Metapod,Bug,50,20,55,30,7,99
Butterfree,Bug,60,45,50,70,11,320
Weedle,Bug,40,35,30,50,3,32
Kakuna,Bug,45,25,50,35,6,100
Beedrill,Bug,65,90,40,75,10,295
Pidgey,Normal,40,45,40,56,3,18
Pidgeotto,Normal,63,60,55,71,11,300
Pidgeot,Normal,83,80,75,101,15,395
Rattata,Normal,30,56,35,72,3,35
Raticate,Normal,55,81,60,97,7,185
Spearow,Normal,40,60,30,70,3,20
Fearow,Normal,65,90,65,100,12,380
Ekans,Poison,35,60,44,55,20,69
Arbok,Poison,60,95,69,80,35,650
Pikachu,Electric,35,55,40,90,4,60
Raichu,Electric,60,90,55,110,8,300
Sandshrew,Ground,50,75,85,40,6,120
Sandslash,Ground,75,100,110,65,10,295
Nidoran-F,Poison,55,47,52,41,4,70
Nidorina,Poison,70,62,67,56,8,200
