City,Cost of Living Index,Rent Index,Cost of Living Plus Rent Index,Groceries Index,Restaurant Price Index,Local Purchasing Power Index,Country,level,total_index,purchasing_efficiency
"Hamilton, Bermuda",145.43,110.87,128.76,143.47,158.75,112.26,Bermuda,Expensive,134.156,0.7719177611221893
"Zurich, Switzerland",141.25,66.14,105.03,149.86,135.76,142.7,Switzerland,Expensive,127.14200000000001,1.0102654867256637
"Geneva, Switzerland",134.83,71.7,104.38,138.98,129.74,130.96,Switzerland,Expensive,121.242,0.9712971890528814
"Basel, Switzerland",130.68,49.68,91.61,127.54,127.22,139.01,Switzerland,Expensive,114.826,1.0637434955616774
"Bern, Switzerland",128.03,43.57,87.3,132.7,119.48,112.71,Switzerland,Expensive,107.298,0.8803405451847223
"Lausanne, Switzerland",127.5,52.32,91.24,126.59,132.12,127.95,Switzerland,Expensive,113.296,1.003529411764706
"Reykjavik, Iceland",123.78,57.25,91.7,118.15,133.19,88.95,Iceland,Expensive,104.26400000000001,0.7186136694134755
"Stavanger, Norway",118.61,39.83,80.61,106.09,143.54,118.14,Norway,Expensive,105.24199999999999,0.9960374336059354
"Lugano, Switzerland",118.24,52.91,86.73,117.74,122.3,119.86,Switzerland,Expensive,106.21,1.013700947225981
"Oslo, Norway",117.23,49.28,84.46,112.42,124.09,102.94,Norway,Expensive,101.192,0.8781028746907787
"Trondheim, Norway",114.22,42.39,79.58,103.5,134.76,108.29,Norway,Expensive,100.632,0.9480826475223254
"Bergen, Norway",112.31,40.3,77.58,101.79,119.61,99.29,Norway,Expensive,94.66000000000001,0.8840708752559879
"Kyoto, Japan",100.33,24.58,63.8,118.44,54.59,77.92,Japan,Expensive,75.172,0.7766370975779927
"New York, NY, United States",100.0,100.0,100.0,100.0,100.0,100.0,United States,Expensive,100.0,1.0
"Nassau, Bahamas",99.73,40.45,71.14,85.34,104.17,58.69,Bahamas,Expensive,77.676,0.5884889200842274
"San Francisco, CA, United States",97.84,115.36,106.29,107.52,91.06,92.96,United States,Expensive,100.948,0.9501226492232215
"Copenhagen, Denmark",97.62,50.66,74.97,77.53,121.23,113.31,Denmark,Expensive,92.07000000000001,1.1607252612169636
"Luxembourg, Luxembourg",95.37,61.59,79.08,82.71,109.61,127.42,Luxembourg,Expensive,95.34,1.3360595575128447
"Anchorage, AK, United States",94.99,40.12,68.53,101.18,84.55,124.92,United States,Expensive,89.152,1.3150857985051059
"Honolulu, HI, United States",94.15,62.82,79.04,104.69,82.86,103.08,United States,Expensive,89.52,1.0948486457780138
"Tokyo, Japan",93.81,37.07,66.45,99.67,58.93,106.42,Japan,Expensive,79.18,1.1344206374586931
"Brooklyn, NY, United States",93.79,76.24,85.33,92.73,100.58,87.04,United States,Expensive,90.076,0.9280307068983901
"Paris, France",92.87,50.3,72.34,87.29,91.77,97.62,France,Expensive,83.97,1.0511467642941748
"Limerick, Ireland",92.73,27.71,61.37,87.15,82.93,93.93,Ireland,Expensive,76.89,1.0129407958589454
"Rockville, MD, United States",92.66,64.0,78.84,87.76,74.74,130.79,United States,Expensive,89.99000000000001,1.411504424778761
"Bloomington, IN, United States",92.14,33.64,63.93,112.83,75.43,96.92,United States,Expensive,82.19200000000001,1.0518775775993054
"Washington, DC, United States",91.94,73.3,82.95,92.74,85.0,120.62,United States,Expensive,92.72,1.3119425712421144
"Arhus, Denmark",91.9,34.82,64.37,71.5,102.82,109.47,Denmark,Expensive,82.102,1.1911860718171925
"Singapore, Singapore",91.4,71.89,81.99,83.64,64.4,95.89,Singapore,Expensive,81.444,1.049124726477024
"Aalborg, Denmark",91.17,26.81,60.13,73.79,101.14,106.35,Denmark,Expensive,79.852,1.1665021388614676
"Stockholm, Sweden",90.85,45.27,68.87,84.06,93.71,108.2,Sweden,Expensive,84.41799999999999,1.1909741331865713
"Sydney, Australia",90.77,68.43,80.0,85.02,77.09,118.81,Australia,Expensive,88.02399999999999,1.3089126363335906
"Montpellier, France",90.63,24.95,58.95,86.93,75.13,74.25,France,Expensive,70.378,0.8192651439920556
"Tel Aviv-Yafo, Israel",90.36,51.55,71.65,76.9,97.21,101.36,Israel,Expensive,83.476,1.121735281097831
"Santa Rosa, CA, United States",90.23,58.13,74.75,92.05,78.34,106.77,United States,Expensive,85.104,1.183309320625069
"Dublin, Ireland",89.92,62.13,76.52,73.62,95.64,88.11,Ireland,Expensive,81.884,0.9798709964412811
"Jerusalem, Israel",89.62,38.43,64.93,74.2,96.35,84.17,Israel,Expensive,76.554,0.9391876813211336
"Linz, Austria",89.33,29.43,60.44,84.03,88.05,95.13,Austria,Expensive,77.19399999999999,1.0649277958132766
"Arlington, VA, United States",89.2,61.85,76.01,88.51,82.63,120.53,United States,Expensive,88.54400000000001,1.3512331838565022
"Amsterdam, Netherlands",89.14,58.22,74.23,70.13,95.2,101.7,Netherlands,Expensive,82.878,1.1409019519856405
"Bellevue, WA, United States",88.85,66.67,78.15,88.43,80.99,73.46,United States,Expensive,79.67999999999999,0.8267867191896454
"London, United Kingdom",88.69,76.67,82.89,67.36,96.36,92.61,United Kingdom,Expensive,84.33800000000001,1.0441988950276244
"Antwerp, Belgium",88.2,28.06,59.19,79.12,101.67,90.18,Belgium,Expensive,77.446,1.0224489795918368
"Hamilton, New Zealand",88.09,26.98,58.62,81.69,84.97,128.21,New Zealand,Expensive,81.98800000000001,1.4554432966284483
"Seattle, WA, United States",88.04,64.41,76.64,89.85,83.22,144.6,United States,Expensive,94.024,1.642435256701499
"Berkeley, CA, United States",87.82,78.69,83.42,97.88,78.29,115.84,United States,Expensive,91.704,1.3190617171487133
"Helsinki, Finland",87.77,40.52,64.98,73.82,96.5,113.87,Finland,Expensive,82.49600000000001,1.2973681212259316
"Grenoble, France",87.73,25.07,57.51,88.71,79.04,115.7,France,Expensive,79.25,1.3188191040693036
"Seoul, South Korea",87.56,37.17,63.26,107.06,50.88,107.52,South Korea,Expensive,78.038,1.2279579716765645
"Tampere, Finland",87.2,28.89,59.08,73.89,96.76,111.28,Finland,Expensive,79.604,1.2761467889908256
"Boston, MA, United States",87.05,78.72,83.03,88.99,86.2,101.35,United States,Expensive,88.46199999999999,1.164273406088455
"Auckland, New Zealand",86.93,46.95,67.65,79.21,72.26,99.37,New Zealand,Expensive,76.94399999999999,1.1431036466122166
"Florence, Italy",86.9,31.81,60.34,76.28,87.67,66.09,Italy,Expensive,69.75,0.7605293440736478
"Nice, France",86.69,31.64,60.14,78.82,98.75,107.04,France,Expensive,80.588,1.2347444918675743
"Milton Keynes, United Kingdom",86.28,37.34,62.68,85.31,81.71,90.17,United Kingdom,Expensive,76.162,1.0450857672693556
"Perth, Australia",86.24,40.5,64.18,80.79,90.63,130.38,Australia,Expensive,85.708,1.5118274582560298
"Charleston, SC, United States",86.19,45.99,66.8,98.41,71.87,115.41,United States,Expensive,83.574,1.3390184476157327
"Adelaide, Australia",86.02,36.56,62.17,82.05,81.67,113.86,Australia,Expensive,80.03200000000001,1.3236456637991165
"Miami, FL, United States",86.01,63.2,75.01,87.37,95.81,97.81,United States,Expensive,86.03999999999999,1.1371933496105104
"Bath, United Kingdom",85.79,37.62,62.56,78.47,83.51,117.98,United Kingdom,Expensive,80.674,1.3752185569413684
"Reading, United Kingdom",85.56,40.91,64.03,71.32,95.36,130.18,United Kingdom,Expensive,84.666,1.521505376344086
"Leuven, Belgium",85.31,29.48,58.38,79.81,86.88,92.44,Belgium,Expensive,74.784,1.0835775407337944
"Gent, Belgium",85.16,26.92,57.07,72.2,94.01,96.27,Belgium,Expensive,74.912,1.130460310004697
"Melbourne, Australia",85.15,44.81,65.7,82.11,77.29,127.15,Australia,Expensive,83.30199999999999,1.4932472108044628
"Oakland, CA, United States",85.11,79.57,82.44,88.65,81.38,97.94,United States,Expensive,86.53,1.1507460932910352
"Milan, Italy",85.1,43.65,65.11,75.56,92.27,71.94,Italy,Expensive,73.704,0.845358401880141
"Genoa, Italy",85.04,21.49,54.39,74.03,83.87,71.66,Italy,Expensive,67.218,0.842662276575729
"Darwin, Australia",84.98,46.52,66.43,82.29,91.79,118.09,Australia,Expensive,84.73400000000001,1.3896210873146622
"Cairns, Australia",84.98,30.59,58.75,84.5,74.96,118.05,Australia,Expensive,78.616,1.389150388326665
"The Hague (Den Haag), Netherlands",84.97,35.55,61.14,70.25,89.11,106.25,Netherlands,Expensive,77.226,1.2504413322349064
"Munich, Germany",84.78,46.46,66.3,72.97,82.46,118.19,Germany,Expensive,80.97200000000001,1.394078792167964
"Lyon, France",84.47,28.04,57.26,77.74,79.13,101.17,France,Expensive,74.11,1.1977033266248374
"Gothenburg, Sweden",84.38,30.46,58.38,77.45,91.06,112.1,Sweden,Expensive,79.09,1.3285138658449869
"New Haven, CT, United States",84.13,47.53,66.48,92.86,86.18,127.41,United States,Expensive,87.622,1.51444193510044
"Irvine, CA, United States",83.73,66.26,75.3,89.49,76.5,139.48,United States,Expensive,91.09200000000001,1.6658306461244474
"Brussels, Belgium",83.65,35.76,60.55,72.55,96.1,104.35,Belgium,Expensive,78.482,1.2474596533173938
"Philadelphia, PA, United States",83.46,48.09,66.4,82.24,79.37,116.06,United States,Expensive,81.84400000000001,1.390606278456746
"Utrecht, Netherlands",83.34,40.23,62.55,68.39,97.89,105.9,Netherlands,Expensive,79.15,1.2706983441324695
"Aberdeen, United Kingdom",83.18,32.13,58.56,67.23,99.29,115.94,United Kingdom,Expensive,79.554,1.3938446742005288
"Cambridge, United Kingdom",82.96,47.33,65.78,67.22,95.67,105.39,United Kingdom,Expensive,79.714,1.2703712632594022
"Cork, Ireland",82.89,39.97,62.19,67.32,91.87,105.57,Ireland,Expensive,77.524,1.273615635179153
"Hobart, Australia",82.88,31.46,58.08,81.1,88.26,99.4,Australia,Expensive,76.62,1.1993243243243246
"San Jose, CA, United States",82.87,81.81,82.36,85.4,83.12,134.82,United States,Expensive,93.60400000000001,1.626885483287076
"Toulouse, France",82.85,24.97,54.94,77.86,82.38,113.77,France,Expensive,76.366,1.3732045866022933
"Ramat Gan, Israel",82.84,36.93,60.7,67.32,89.36,112.25,Israel,Expensive,77.74,1.3550217286335102
"Rotterdam, Netherlands",82.64,35.28,59.8,63.02,94.81,102.03,Netherlands,Expensive,75.556,1.2346321393998063
"Tacoma, WA, United States",82.54,36.82,60.49,88.02,72.46,125.1,United States,Expensive,80.98799999999999,1.5156287860431303
"Dusseldorf, Germany",82.48,36.34,60.23,65.69,74.97,114.5,Germany,Expensive,74.796,1.388215324927255
"Los Angeles, CA, United States",82.3,68.75,75.77,82.73,82.48,109.01,United States,Expensive,85.054,1.3245443499392469
"Boulder, CO, United States",82.19,53.8,68.5,86.22,74.92,143.02,United States,Expensive,88.03,1.740114369144665
"St. John's, NL, Canada",82.18,22.48,53.39,86.39,79.73,98.06,Canada,Expensive,73.768,1.1932343635921148
"Turku, Finland",82.18,25.55,54.87,69.79,88.89,125.14,Finland,Expensive,78.31,1.5227549282063761
"Brisbane, Australia",82.17,43.31,63.43,75.42,81.39,130.41,Australia,Expensive,82.54,1.5870755750273822
"Halifax, Canada",82.03,29.33,56.61,88.57,75.91,95.7,Canada,Expensive,74.308,1.1666463488967451
"Thunder Bay, Canada",81.98,26.2,55.08,77.76,74.63,84.87,Canada,Expensive,69.088,1.035252500609905
"Haifa, Israel",81.81,20.68,52.33,66.6,91.38,120.61,Israel,Expensive,76.21600000000001,1.474269649187141
"Padova, Italy",81.77,23.89,53.85,67.49,78.91,77.42,Italy,Expensive,65.89599999999999,0.9468020056255351
"Frankfurt, Germany",81.65,37.59,60.4,66.85,81.18,142.76,Germany,Expensive,82.006,1.7484384568279239
"Portland, ME, United States",81.6,40.73,61.89,86.96,88.58,113.69,United States,Expensive,82.31199999999998,1.3932598039215687
"Minneapolis, MN, United States",81.46,45.65,64.19,87.48,75.88,131.08,United States,Expensive,84.30999999999999,1.609133316965382
"Norfolk, VA, United States",81.36,43.59,63.14,90.06,81.31,64.42,United States,Expensive,72.148,0.7917895771878073
"Saskatoon, Canada",81.02,29.7,56.27,82.39,72.78,99.63,Canada,Expensive,73.104,1.229696371266354
"Canberra, Australia",80.9,45.03,63.6,77.06,79.23,139.38,Australia,Expensive,84.32000000000001,1.722867737948084
"Wellington, New Zealand",80.87,40.42,61.36,77.17,72.02,118.59,New Zealand,Expensive,77.81400000000001,1.4664275998516136
"Hartford, CT, United States",80.86,42.15,62.19,78.41,86.26,101.57,United States,Expensive,77.85,1.25612169181301
"Queens, NY, United States",80.77,64.73,73.04,74.39,87.27,113.4,United States,Expensive,84.112,1.4039866286987743
"Hamburg, Germany",80.75,33.61,58.02,64.85,77.19,116.06,Germany,Expensive,74.49199999999999,1.4372755417956657
"Parma, Italy",80.69,25.04,53.85,71.96,87.4,84.79,Italy,Expensive,69.97600000000001,1.0508117486677409
"Maastricht, Netherlands",80.69,33.35,57.86,70.13,81.68,105.35,Netherlands,Expensive,74.24000000000001,1.3056140785723138
"Graz, Austria",80.59,24.94,53.75,78.18,65.21,106.41,Austria,Expensive,71.066,1.3203871448070479
"Christchurch, New Zealand",80.51,30.13,56.21,75.7,78.95,90.4,New Zealand,Expensive,71.138,1.122841882995901
"Galway, Ireland",80.22,34.58,58.21,70.9,81.75,100.11,Ireland,Expensive,73.512,1.2479431563201198
"Albany, NY, United States",80.19,30.82,56.38,83.35,71.86,139.34,United States,Expensive,81.112,1.7376231450305526
"Chicago, IL, United States",80.16,56.71,68.85,79.14,77.99,119.17,United States,Expensive,82.634,1.4866516966067864
"Portsmouth, United Kingdom",80.05,32.23,56.99,62.19,89.21,94.57,United Kingdom,Expensive,71.65,1.1813866333541536
"Jersey City, NJ, United States",79.91,66.0,73.2,79.5,85.95,130.99,United States,Average,88.47,1.639219121511701
"Malmo, Sweden",79.79,28.57,55.09,73.61,87.62,120.92,Sweden,Average,78.102,1.5154781300914901
"Uppsala, Sweden",79.7,28.42,54.97,70.45,87.61,119.75,Sweden,Average,77.186,1.502509410288582
"Lund, Sweden",79.39,27.07,54.16,75.3,80.06,122.8,Sweden,Average,76.924,1.5467943065877314
"Oxford, United Kingdom",79.37,53.29,66.79,62.18,81.92,86.68,United Kingdom,Average,72.688,1.0921002897820336
"Olympia, WA, United States",79.25,36.06,58.42,77.18,78.7,125.04,United States,Average,79.24600000000001,1.5777917981072556
"Edinburgh, United Kingdom",79.2,34.6,57.69,69.3,89.29,104.25,United Kingdom,Average,75.328,1.3162878787878787
"Barrie, Canada",79.18,28.03,54.51,79.85,76.95,127.57,Canada,Average,78.316,1.6111391765597372
"Santa Barbara, CA, United States",79.17,71.45,75.45,76.47,87.43,134.38,United States,Average,89.78,1.6973601111532146
"Bologna, Italy",79.04,26.08,53.5,70.14,85.23,76.44,Italy,Average,67.386,0.9671052631578946
"Eugene, OR, United States",78.94,31.38,56.0,91.86,69.07,109.06,United States,Average,76.062,1.3815556118571066
"Sliema, Malta",78.94,36.17,58.32,69.3,89.2,74.89,Malta,Average,69.7,0.9486952115530783
"Burlington, VT, United States",78.89,41.89,61.05,82.04,79.41,101.19,United States,Average,76.684,1.2826720750411966
"Rome, Italy",78.8,40.24,60.2,68.34,85.32,72.78,Italy,Average,69.096,0.9236040609137056
"Sacramento, CA, United States",78.75,43.34,61.67,80.02,74.2,135.14,United States,Average,82.28999999999999,1.7160634920634918
"Eindhoven, Netherlands",78.72,35.2,57.73,63.05,88.51,119.87,Netherlands,Average,77.07000000000001,1.5227388211382114
"Hong Kong, Hong Kong",78.72,79.54,79.12,83.47,56.17,82.86,Hong Kong,Average,76.152,1.052591463414634
"Pittsburgh, PA, United States",78.66,39.02,59.54,76.56,70.89,133.38,United States,Average,79.702,1.6956521739130435
"Vienna, Austria",78.64,35.04,57.61,73.8,73.39,98.88,Austria,Average,71.95,1.257375381485249
"Osaka, Japan",78.5,23.88,52.16,79.2,45.06,109.62,Japan,Average,67.252,1.3964331210191083
"Portland, OR, United States",78.45,51.72,65.56,79.56,68.4,125.57,United States,Average,80.74,1.6006373486297003
"Saint Paul, MN, United States",78.37,40.38,60.05,81.15,74.68,97.64,United States,Average,74.444,1.245884904938114
"Lille, France",78.34,24.7,52.47,65.77,74.43,89.56,France,Average,66.56,1.14322185345928
"Long Beach, CA, United States",78.23,54.98,67.01,82.77,76.98,127.25,United States,Average,84.042,1.626613831011121
"York, United Kingdom",77.98,29.69,54.69,68.51,85.11,110.55,United Kingdom,Average,74.36800000000001,1.417671197743011
"Trieste, Italy",77.97,21.54,50.76,72.67,80.97,90.05,Italy,Average,68.64,1.1549313838655892
"Brampton, Canada",77.9,29.01,54.32,83.61,64.25,103.74,Canada,Average,71.702,1.3317073170731706
"Bristol, United Kingdom",77.83,40.01,59.59,63.13,92.62,108.18,United Kingdom,Average,76.35400000000001,1.3899524604908133
"Bergamo, Italy",77.71,22.05,50.87,64.43,91.76,89.37,Italy,Average,69.064,1.1500450392484882
"Fort Lauderdale, FL, United States",77.67,51.63,65.11,79.05,77.85,104.35,United States,Average,78.11000000000001,1.3435045706192865
"Everett, WA, United States",77.63,42.48,60.68,84.84,70.29,113.75,United States,Average,77.798,1.4652840396753832
"Asheville, NC, United States",77.36,37.85,58.31,84.94,72.18,111.73,United States,Average,76.81200000000001,1.4442864529472597
"Denver, CO, United States",77.31,54.0,66.07,77.48,79.43,130.1,United States,Average,83.66400000000002,1.6828353382486094
"Heidelberg, Germany",77.3,37.21,57.96,61.01,75.28,133.23,Germany,Average,76.806,1.7235446313065976
"Manchester, United Kingdom",77.15,30.87,54.83,63.07,85.92,98.91,United Kingdom,Average,71.184,1.282047958522359
"Bellingham, WA, United States",77.13,34.7,56.67,79.09,77.88,131.14,United States,Average,79.988,1.7002463373525216
"Newcastle, Australia",77.12,43.45,60.88,76.5,84.01,134.62,Australia,Average,83.14,1.745591286307054
"Melbourne, FL, United States",77.09,29.38,54.08,85.53,77.04,128.34,United States,Average,79.476,1.6648073680114153
"San Diego, CA, United States",77.01,61.91,69.73,75.09,82.09,142.72,United States,Average,87.76400000000001,1.8532658096351122
"Mannheim, Germany",76.97,27.25,52.99,61.07,73.5,156.77,Germany,Average,79.112,2.0367675717812137
"Groningen, Netherlands",76.64,30.91,54.59,66.99,87.82,105.46,Netherlands,Average,73.564,1.376043841336117
"New Orleans, LA, United States",76.64,40.21,59.07,75.15,84.0,116.56,United States,Average,78.512,1.5208768267223383
"Orlando, FL, United States",76.63,37.35,57.68,82.77,69.38,129.02,United States,Average,79.03,1.683674800991779
"Baltimore, MD, United States",76.57,45.03,61.36,73.92,80.16,116.79,United States,Average,78.494,1.525270993861826
"Tampa, FL, United States",76.53,42.09,59.92,80.64,80.21,144.43,United States,Average,84.78,1.887233764536783
"West Palm Beach, FL, United States",76.52,43.11,60.41,79.59,78.92,124.36,United States,Average,80.5,1.625196027182436
"Calgary, Canada",76.44,31.37,54.7,72.97,75.23,146.39,Canada,Average,80.47999999999999,1.9150968079539508
"Brighton, United Kingdom",76.4,44.89,61.21,58.61,86.71,83.51,United Kingdom,Average,70.024,1.0930628272251308
"Red Deer, Canada",76.15,25.51,51.73,69.85,74.21,136.55,Canada,Average,76.454,1.79317137229153
"Edmonton, Canada",76.01,31.61,54.6,74.26,73.66,131.93,Canada,Average,77.494,1.73569267201684
"Nottingham, United Kingdom",75.98,24.8,51.3,65.92,75.29,107.61,United Kingdom,Average,69.92,1.4162937615161884
"Karlsruhe, Germany",75.8,23.89,50.76,57.26,80.6,136.82,Germany,Average,74.874,1.805013192612137
"Coventry, United Kingdom",75.72,26.45,51.96,64.04,71.27,133.86,United Kingdom,Average,74.268,1.7678288431061808
"Vancouver, Canada",75.59,53.5,64.94,78.26,70.12,96.77,Canada,Average,74.848,1.2801957930943246
"Victoria, Canada",75.47,40.0,58.36,79.13,70.56,112.52,Canada,Average,75.53599999999999,1.49092354577978
"Colorado Springs, CO, United States",75.42,31.21,54.1,72.93,76.48,150.89,United States,Average,81.386,2.0006629541235745
"Norwich, United Kingdom",75.4,25.34,51.26,58.53,81.1,89.95,United Kingdom,Average,66.064,1.192970822281167
"Charlotte, NC, United States",75.35,40.62,58.6,79.4,73.87,112.72,United States,Average,76.39200000000001,1.4959522229595223
"Plano, TX, United States",75.32,40.02,58.3,73.93,63.49,101.69,United States,Average,70.89000000000001,1.3501062134891133
"Toronto, Canada",75.22,46.94,61.58,70.65,71.58,106.83,Canada,Average,74.244,1.4202339803243818
"Atlanta, GA, United States",74.97,45.83,60.92,75.0,74.81,153.77,United States,Average,84.876,2.0510871015072696
"Turin, Italy",74.94,23.25,50.01,61.62,76.26,85.62,Italy,Average,64.338,1.1425140112089673
"Leeds, United Kingdom",74.92,30.31,53.41,61.69,91.99,109.59,United Kingdom,Average,73.7,1.4627602776294715
"Fayetteville, AR, United States",74.9,24.85,50.76,81.39,69.15,104.92,United States,Average,71.042,1.4008010680907876
"Gold Coast, Australia",74.89,38.76,57.46,74.88,72.35,124.98,Australia,Average,77.172,1.6688476432100414
"Kelowna, Canada",74.78,34.84,55.52,77.54,68.9,109.75,Canada,Average,73.162,1.4676384059909067
"Indianapolis, IN, United States",74.72,35.67,55.89,73.92,74.26,94.22,United States,Average,70.55799999999999,1.2609743040685224
"Birmingham, AL, United States",74.64,31.36,53.77,76.12,74.13,134.55,United States,Average,78.16,1.8026527331189712
"Stuttgart, Germany",74.53,34.86,55.4,55.57,72.07,134.02,Germany,Average,74.21000000000001,1.7982020662820342
"Berlin, Germany",74.32,33.54,54.65,60.74,65.57,114.09,Germany,Average,69.652,1.5351184068891284
"Burlington, Canada",74.32,34.2,54.97,68.68,82.63,137.47,Canada,Average,79.46,1.84970398277718
"Sheffield, United Kingdom",74.31,25.05,50.55,56.87,84.47,110.96,United Kingdom,Average,70.332,1.4932041447988156
"Glasgow, United Kingdom",74.3,28.12,52.03,61.85,79.52,124.11,United Kingdom,Average,73.58000000000001,1.6703903095558548
"Augusta, GA, United States",74.29,22.45,49.29,82.42,62.66,100.38,United States,Average,68.44000000000001,1.3511912774263022
"Greensboro, NC, United States",74.1,26.05,50.93,80.28,62.04,141.87,United States,Average,76.86800000000001,1.9145748987854254
"Greenville, SC, United States",74.08,36.03,55.73,83.74,67.18,127.49,United States,Average,77.704,1.7209773218142548
"Palma De Mallorca, Spain",74.08,24.4,50.12,62.9,71.61,80.26,Spain,Average,62.65,1.0834233261339095
"Cologne, Germany",74.02,29.75,52.67,55.97,73.95,131.06,Germany,Average,72.95,1.7706025398540937
"Bonn, Germany",73.61,29.24,52.21,55.0,70.68,118.12,Germany,Average,69.33,1.6046732780872164
"Jacksonville, FL, United States",73.58,32.27,53.66,77.14,73.25,117.13,United States,Average,74.674,1.5918727915194346
"Fort Collins, CO, United States",73.57,42.07,58.38,81.45,61.31,73.23,United States,Average,66.326,0.9953785510398262
"Cleveland, OH, United States",73.47,28.35,51.71,67.52,74.7,146.27,United States,Average,78.06199999999998,1.9908806315502927
"Bremen, Germany",73.41,22.22,48.72,59.15,70.25,131.14,Germany,Average,71.234,1.7864051219179948
"Milwaukee, WI, United States",73.37,35.5,55.11,71.9,71.59,139.23,United States,Average,78.31800000000001,1.8976420880468854
"Bilbao, Spain",73.3,30.28,52.55,65.27,75.33,92.96,Spain,Average,67.428,1.268212824010914
"Saint Petersburg, FL, United States",73.29,41.01,57.72,72.82,75.33,145.31,United States,Average,81.55199999999999,1.9826715786601172
"Exeter, United Kingdom",73.17,31.86,53.24,58.28,82.78,86.66,United Kingdom,Average,66.55,1.1843651769851031
"Memphis, TN, United States",72.95,27.52,51.04,73.96,70.71,154.91,United States,Average,80.00999999999999,2.123509252912954
"Guelph, Canada",72.93,28.86,51.68,68.86,80.08,114.41,Canada,Average,73.02799999999999,1.5687645687645686
"Syracuse, NY, United States",72.88,30.77,52.57,72.26,67.76,103.63,United States,Average,69.46000000000001,1.4219264544456642
"Waterloo, Canada",72.86,29.64,52.01,70.36,70.2,120.38,Canada,Average,72.688,1.6522097172659895
"Regina, Canada",72.85,28.93,51.67,73.25,66.3,109.12,Canada,Average,70.09,1.497872340425532
"Newark, NJ, United States",72.68,40.31,57.07,66.47,77.87,94.1,United States,Average,70.28600000000002,1.2947165657677489
"Akron, OH, United States",72.65,21.57,48.02,77.33,63.79,99.21,United States,Average,66.91,1.365588437715072
"Dubai, United Arab Emirates",72.58,66.88,69.83,61.71,67.23,123.71,United Arab Emirates,Average,78.422,1.7044640396803528
"Nuremberg, Germany",72.57,25.08,49.67,55.83,71.58,127.52,Germany,Average,70.51599999999999,1.7571999448808049
"Mississauga, Canada",72.54,36.65,55.23,68.46,67.15,106.67,Canada,Average,70.294,1.4704990350151639
"Austin, TX, United States",72.46,49.8,61.53,73.02,75.56,140.39,United States,Average,82.246,1.9374827491029534
"Leipzig, Germany",72.4,20.19,47.22,54.51,64.82,91.69,Germany,Average,60.722,1.2664364640883976
"Taipei, Taiwan",72.39,21.61,47.9,87.57,34.77,104.9,Taiwan,Average,64.248,1.4490951788921123
"Fresno, CA, United States",72.36,30.94,52.38,72.51,75.89,110.71,United States,Average,72.482,1.5299889441680485
"Buffalo, NY, United States",72.15,28.94,51.31,69.14,72.72,120.23,United States,Average,72.636,1.6663894663894663
"Shreveport, LA, United States",72.07,25.24,49.48,78.42,64.04,76.03,United States,Average,63.15999999999999,1.0549465797141668
"Windsor, Canada",72.0,21.38,47.59,63.4,67.16,118.85,Canada,Average,68.55799999999999,1.6506944444444445
"Nanaimo, BC, Canada",71.9,25.11,49.33,78.03,63.87,99.07,Canada,Average,67.596,1.3778859527121
"Nashville, TN, United States",71.88,47.73,60.23,74.28,69.38,125.4,United States,Average,77.734,1.7445742904841404
"Aachen, Germany",71.81,24.48,48.99,57.78,64.67,128.79,Germany,Average,69.506,1.7934828018381839
"Moncton, Canada",71.79,18.63,46.15,70.92,66.98,88.06,Canada,Average,63.275999999999996,1.2266332358267167
"Birmingham, United Kingdom",71.6,29.57,51.33,57.06,79.83,106.25,United Kingdom,Average,68.862,1.4839385474860336
"Cardiff, United Kingdom",71.52,28.32,50.69,65.68,72.66,109.78,United Kingdom,Average,69.59200000000001,1.5349552572706937
"Southampton, United Kingdom",71.48,33.09,52.97,58.97,76.0,116.26,United Kingdom,Average,71.16,1.6264689423614997
"Manchester, NH, United States",71.46,33.61,53.2,76.26,72.86,124.75,United States,Average,75.788,1.7457318779736917
"Raleigh, NC, United States",71.4,37.42,55.02,78.32,70.58,131.99,United States,Average,77.942,1.8485994397759102
"Little Rock, AR, United States",71.29,24.83,48.89,77.24,64.98,132.31,United States,Average,74.13000000000001,1.8559405246177583
"Dresden, Germany",71.22,22.95,47.94,56.07,59.77,105.93,Germany,Average,63.18800000000001,1.487363100252738
"Winnipeg, Canada",71.22,24.91,48.89,69.49,67.33,114.61,Canada,Average,69.512,1.6092389778152205
"Quebec City, Canada",71.21,17.97,45.53,71.69,65.29,118.31,Canada,Average,68.894,1.6614239573093668
"Naples, Italy",71.14,19.85,46.41,66.45,63.1,59.99,Italy,Average,56.105999999999995,0.843266797863368
"Richmond, VA, United States",70.98,36.18,54.2,77.66,65.74,133.08,United States,Average,76.728,1.8748943364327981
"Las Vegas, NV, United States",70.97,29.98,51.2,66.54,74.53,148.81,United States,Average,78.16600000000001,2.096801465407919
"Saint Louis, MO, United States",70.76,30.11,51.15,71.33,68.14,144.7,United States,Average,77.008,2.044940644431882
"Grand Rapids, MI, United States",70.58,32.95,52.43,69.69,70.77,143.87,United States,Average,77.572,2.0383961462170586
"Rochester, NY, United States",70.52,30.31,51.13,72.96,74.66,158.71,United States,Average,81.43199999999999,2.2505672149744758
"Houston, TX, United States",70.37,44.1,57.7,71.01,71.15,145.38,United States,Average,80.402,2.0659371891431006
"Detroit, MI, United States",70.2,35.48,53.45,67.02,59.3,131.62,United States,Average,72.724,1.8749287749287749
"Darmstadt, Germany",70.17,30.69,51.13,53.91,66.6,145.86,Germany,Average,73.446,2.0786660966224884
"Ann Arbor, MI, United States",70.01,45.26,58.07,69.31,62.97,163.57,United States,Average,82.224,2.33638051706899
"Ottawa, Canada",69.91,31.76,51.51,64.16,71.95,145.32,Canada,Average,76.61999999999999,2.0786725790301817
"Harrisburg, PA, United States",69.91,27.78,49.59,72.58,66.41,140.56,United States,Average,75.44800000000001,2.010585037905879
"Newcastle Upon Tyne, United Kingdom",69.91,25.69,48.58,54.05,78.46,127.4,United Kingdom,Average,71.102,1.8223430124445719
"Salem, OR, United States",69.81,32.0,51.58,70.61,68.39,106.58,United States,Average,69.478,1.5267153702907892
"Dayton, OH, United States",69.76,21.96,46.71,73.53,62.38,114.2,United States,Average,68.366,1.6370412844036697
"Barcelona, Spain",69.75,33.71,52.37,59.29,65.07,77.27,Spain,Average,61.017999999999994,1.1078136200716846
"Columbia, SC, United States",69.7,29.48,50.3,75.37,65.65,92.47,United States,Average,66.534,1.3266857962697274
"Marseille, France",69.66,23.92,47.6,61.91,69.58,104.22,France,Average,65.85799999999999,1.496124031007752
"Liverpool, United Kingdom",69.53,24.96,48.04,52.24,78.55,116.18,United Kingdom,Average,68.292,1.6709334100388322
"Hanover, Germany",69.47,22.04,46.59,58.88,64.04,160.86,Germany,Average,75.058,2.31553188426659
"Fort Wayne, IN, United States",69.42,21.43,46.28,74.49,69.24,129.87,United States,Average,72.89,1.8707865168539326
"London, Canada",69.39,24.58,47.78,65.97,66.17,105.79,Canada,Average,66.38000000000001,1.5245712638708748
"Des Moines, IA, United States",69.37,31.23,50.97,73.45,63.64,125.85,United States,Average,72.708,1.814184806112152
"Virginia Beach, VA, United States",69.33,37.42,53.94,68.92,71.08,151.73,United States,Average,79.696,2.188518678782634
"Spokane, WA, United States",69.26,26.97,48.86,70.06,64.46,135.55,United States,Average,73.26,1.9571181056887093
"Bakersfield, CA, United States",69.2,29.09,49.86,71.91,64.38,120.54,United States,Average,71.024,1.7419075144508671
"Montreal, Canada",69.18,26.68,48.69,68.65,67.17,120.29,Canada,Average,70.394,1.7387973402717547
"Gatineau, Canada",69.17,19.72,45.32,69.98,64.66,142.51,Canada,Average,73.208,2.060286251264999
"Columbus, OH, United States",69.13,35.51,52.92,66.96,62.16,125.47,United States,Average,71.84599999999999,1.8149862577752063
"Cincinnati, OH, United States",69.13,31.11,50.79,61.6,70.4,136.92,United States,Average,73.832,1.9806162302907564
"Kansas City, MO, United States",69.05,29.33,49.89,68.17,63.04,135.76,United States,Average,73.07000000000001,1.9661115133960898
"Belfast, United Kingdom",68.77,23.7,47.04,61.07,79.19,103.27,United Kingdom,Average,67.2,1.5016722408026757
"San Juan, Puerto Rico",68.77,26.09,48.18,66.18,57.67,116.19,Puerto Rico,Average,66.98,1.689544859677185
"Derby, United Kingdom",68.68,21.48,45.92,58.52,71.55,110.83,United Kingdom,Average,66.212,1.61371578334304
"Lincoln, NE, United States",68.61,28.38,49.21,71.56,62.02,124.13,United States,Average,70.94000000000001,1.8092114852062382
"Malta, Malta",68.44,26.6,48.26,54.11,69.0,72.13,Malta,Average,58.056,1.053915838690824
"Fort Myers, FL, United States",68.06,31.9,50.62,71.88,62.43,86.87,United States,Average,64.228,1.2763737878342638
"Lexington, KY, United States",67.9,25.51,47.45,69.03,62.48,130.77,United States,Average,71.138,1.925920471281296
"Fort Worth, TX, United States",67.81,35.29,52.12,66.57,65.5,142.22,United States,Average,75.478,2.0973307771715084
"Omaha, NE, United States",67.8,30.43,49.78,69.41,62.64,134.51,United States,Average,72.958,1.9839233038348083
"Vancouver, WA, United States",67.79,34.12,51.55,61.12,67.28,127.95,United States,Average,71.652,1.8874465260362885
"Madrid, Spain",67.63,33.41,51.13,56.59,70.41,96.36,Spain,Average,64.88,1.4248114741978413
"Surrey, Canada",67.37,33.36,50.97,65.23,61.6,93.78,Canada,Average,64.268,1.3920142496660233
"Montevideo, Uruguay",67.18,21.14,44.97,54.33,70.89,35.71,Uruguay,Average,49.85000000000001,0.531557011015183
"Wichita, KS, United States",67.02,24.63,46.58,67.02,68.1,118.39,United States,Average,69.032,1.7664876156371234
"Lubbock, TX, United States",66.9,24.63,46.52,61.64,68.94,133.25,United States,Average,71.072,1.9917787742899848
"Chattanooga, TN, United States",66.89,27.77,48.02,67.8,62.68,145.27,United States,Average,74.082,2.171774555239946
"Phoenix, AZ, United States",66.87,33.32,50.69,62.4,71.42,139.29,United States,Average,74.66,2.082996859578286
"Sioux Falls, SD, United States",66.85,25.7,47.0,69.13,56.18,168.93,United States,Average,77.358,2.5270007479431564
"Salt Lake City, UT, United States",66.76,34.91,51.4,64.48,68.75,148.6,United States,Average,76.7,2.225883762732175
"Tulsa, OK, United States",66.71,28.61,48.34,67.6,62.03,123.2,United States,Average,69.63,1.846799580272823
"Durham, NC, United States",66.44,35.54,51.54,64.75,67.79,146.95,United States,Average,76.294,2.211770018061409
"Springfield, MO, United States",66.4,18.79,43.44,73.6,63.28,77.68,United States,Average,59.95,1.1698795180722892
"Winston-salem, NC, United States",66.27,24.96,46.34,71.92,69.63,117.44,United States,Average,70.044,1.7721442583371059
"Nicosia, Cyprus",66.23,17.22,42.59,53.67,78.46,90.59,Cyprus,Average,61.233999999999995,1.3678091499320548
"Doha, Qatar",66.12,66.84,66.46,57.95,65.81,120.86,Qatar,Average,75.516,1.8278886872353295
"Taichung, Taiwan",65.98,13.0,40.43,84.29,29.75,66.76,Taiwan,Average,51.956,1.0118217641709608
"Dallas, TX, United States",65.94,42.64,54.7,61.95,67.11,162.37,United States,Average,80.002,2.4623900515620263
"Albuquerque, NM, United States",65.73,25.5,46.33,68.04,64.58,123.57,United States,Average,69.48400000000001,1.8799634869922408
"Arlington, TX, United States",65.63,30.04,48.47,62.02,63.87,152.9,United States,Average,74.89200000000001,2.3297272588755145
"Madison, WI, United States",65.6,36.95,51.78,62.5,66.34,144.83,United States,Average,75.244,2.2077743902439027
"Ljubljana, Slovenia",65.47,20.62,43.84,54.76,57.7,74.7,Slovenia,Average,54.65,1.1409806018023523
"Zaragoza (Saragossa), Spain",65.4,15.21,41.2,54.76,60.66,77.87,Spain,Average,54.779999999999994,1.1906727828746178
"Mobile, AL, United States",65.31,24.63,45.69,67.4,64.09,122.2,United States,Average,68.726,1.8710764048384627
"Hamilton, Canada",65.26,27.6,47.1,60.77,65.83,122.71,Canada,Average,68.434,1.8803248544284399
"Louisville, KY, United States",65.14,28.33,47.39,65.76,65.91,127.21,United States,Average,70.47,1.9528707399447343
"Beirut, Lebanon",65.03,34.98,50.54,47.46,66.58,52.68,Lebanon,Average,53.346000000000004,0.8100876518529909
"Abu Dhabi, United Arab Emirates",64.97,64.25,64.62,54.3,65.93,131.24,United Arab Emirates,Average,76.138,2.0200092350315533
"Thessaloniki, Greece",64.94,11.57,39.2,52.32,61.77,48.72,Greece,Average,47.864,0.7502309824453341
"Pensacola, FL, United States",64.88,28.72,47.44,62.12,64.75,128.73,United States,Average,69.84,1.9841245376078915
"Athens, Greece",64.67,13.97,40.22,51.34,64.82,52.86,Greece,Average,49.532000000000004,0.8173805473944642
"Oklahoma City, OK, United States",64.29,26.54,46.09,66.52,58.15,142.4,United States,Average,71.58000000000001,2.214963446881319
"Kitchener, Canada",63.9,27.36,46.28,58.85,59.89,124.25,Canada,Average,66.85,1.9444444444444444
"Limassol, Cyprus",63.52,24.22,44.57,52.24,66.53,93.12,Cyprus,Average,59.926,1.4659949622166246
"Huntsville, AL, United States",63.34,27.45,46.03,64.13,63.83,152.26,United States,Average,74.202,2.4038522260814648
"Tucson, AZ, United States",63.0,23.8,44.1,61.12,63.64,138.07,United States,Average,69.926,2.1915873015873015
"Reno, NV, United States",62.88,35.99,49.92,58.04,64.1,136.4,United States,Average,71.482,2.169211195928753
"Havana, Cuba",62.74,12.01,38.27,41.43,28.23,1.88,Cuba,Average,29.258,0.029964934650940387
"Boise, ID, United States",62.65,28.91,46.37,58.7,65.39,130.86,United States,Average,69.30199999999999,2.0887470071827616
"Knoxville, TN, United States",62.18,29.77,46.55,60.36,64.67,128.69,United States,Average,69.134,2.06963653908009
"Accra, Ghana",61.93,32.3,47.64,60.07,40.1,14.07,Ghana,Average,41.693999999999996,0.2271919909575327
"College Station, TX, United States",61.85,32.7,47.79,68.95,57.12,118.7,United States,Average,67.864,1.9191592562651576
"Martin, Slovakia",61.04,20.8,41.63,56.66,51.89,44.36,Slovakia,Average,46.95,0.7267365661861075
"San Antonio, TX, United States",60.92,34.5,48.18,58.17,60.96,154.92,United States,Average,73.894,2.543007222586999
"Athens, GA, United States",60.55,26.67,44.21,57.85,59.58,110.52,United States,Average,63.03399999999999,1.825268373245252
"Tallinn, Estonia",60.51,17.66,39.84,45.31,61.04,74.02,Estonia,Average,51.708000000000006,1.223268881176665
"San Jose, Costa Rica",60.46,19.28,40.6,60.98,49.47,48.89,Costa Rica,Average,47.815999999999995,0.8086338074760172
"Valencia, Spain",60.33,20.61,41.17,50.92,56.84,90.71,Spain,Average,55.882000000000005,1.5035637328029172
"Kaohsiung, Taiwan",60.22,10.41,36.2,71.17,26.25,127.49,Taiwan,Average,59.108000000000004,2.117070740617735
"Sevilla, Spain",60.16,21.15,41.35,52.11,58.14,81.43,Spain,Average,54.598,1.353557180851064
"Larnaca, Cyprus",59.97,11.36,36.53,49.72,66.8,83.19,Cyprus,Average,54.20799999999999,1.3871935967983993
"Sharjah, United Arab Emirates",59.38,29.86,45.15,50.37,43.99,123.32,United Arab Emirates,Average,61.384,2.0767935331761533
"Split, Croatia",59.05,13.74,37.2,50.46,55.16,53.22,Croatia,Average,46.326,0.9012701100762066
"Manama, Bahrain",59.0,30.65,45.33,57.63,54.83,67.56,Bahrain,Average,53.934000000000005,1.1450847457627118
"Rijeka, Croatia",58.54,12.29,36.24,49.63,46.7,51.41,Croatia,Average,43.714000000000006,0.8782029381619405
"Amman, Jordan",58.47,14.58,37.3,49.55,55.56,41.83,Jordan,Average,43.998000000000005,0.7154096117667179
"Zagreb, Croatia",58.0,15.39,37.45,49.52,46.65,64.19,Croatia,Average,46.75,1.1067241379310344
"Lisbon, Portugal",57.69,29.33,44.01,47.02,50.14,58.48,Portugal,Average,48.532,1.013693881088577
"Patras, Greece",57.35,9.41,34.23,46.44,53.51,64.63,Greece,Average,46.268,1.1269398430688753
"Panama City, Panama",57.23,32.46,45.29,56.48,52.95,38.24,Panama,Average,47.472,0.6681810239384939
"Malaga, Spain",57.23,21.19,39.85,48.93,55.28,94.71,Spain,Average,55.467999999999996,1.654901275554779
"Campinas, Brazil",57.21,14.1,36.42,43.15,48.2,59.53,Brazil,Average,44.438,1.0405523509875896
"Rio De Janeiro, Brazil",57.14,21.61,40.0,42.19,48.58,39.15,Brazil,Average,41.733999999999995,0.6851592579628981
"Funchal, Portugal",57.0,17.91,38.15,47.03,44.3,52.72,Portugal,Average,43.792,0.9249122807017544
"Santiago, Chile",56.85,17.85,38.04,48.15,55.32,50.65,Chile,Average,45.763999999999996,0.8909410729991204
"Sao Paulo, Brazil",56.83,21.02,39.56,43.58,48.59,40.03,Brazil,Average,42.01,0.7043814886503608
"Shanghai, China",56.16,41.95,49.3,61.7,40.74,66.16,China,Average,53.342000000000006,1.1780626780626782
"Buenos Aires, Argentina",56.05,15.58,36.53,48.19,56.51,60.03,Argentina,Average,47.272,1.0710080285459411
"Bangkok, Thailand",55.79,26.21,41.52,62.4,27.99,44.94,Thailand,Average,43.466,0.8055207026348807
"Makati, Philippines",55.54,26.91,41.73,59.97,28.91,46.37,Philippines,Average,43.540000000000006,0.8348937702556716
"Tartu, Estonia",55.49,14.44,35.69,42.41,55.7,75.23,Estonia,Average,48.65400000000001,1.35573977293206
"Porto, Portugal",54.92,20.87,38.5,45.79,44.12,63.31,Portugal,Average,45.80200000000001,1.1527676620538967
"Riga, Latvia",54.87,15.23,35.75,42.56,51.15,53.77,Latvia,Average,43.516000000000005,0.9799526152724622
"Coimbra, Portugal",54.5,14.58,35.25,46.39,42.38,75.56,Portugal,Average,46.682,1.386422018348624
"Granada, Spain",54.47,14.9,35.39,44.63,51.02,94.61,Spain,Average,51.926,1.7369194051771617
"Vilnius, Lithuania",54.26,17.9,36.72,42.58,49.97,56.97,Lithuania,Average,44.336,1.0499447106524142
"Porto Alegre, Brazil",53.88,14.79,35.03,42.32,42.19,46.35,Brazil,Average,39.906,0.8602449888641426
"Brasilia, Brazil",53.84,16.73,35.94,44.65,47.74,49.33,Brazil,Average,42.458000000000006,0.9162332838038633
"Prague, Czech Republic",53.84,25.06,39.96,47.04,40.31,77.13,Czech Republic,Average,48.676,1.4325780089153044
"Bratislava, Slovakia",53.64,22.87,38.8,46.54,44.37,72.75,Slovakia,Average,48.034000000000006,1.3562639821029083
"Santa Cruz De Tenerife, Spain",53.34,18.05,36.32,44.56,53.88,93.75,Spain,Average,52.71600000000001,1.7575928008998873
"Pretoria, South Africa",53.19,15.59,35.06,43.22,47.05,108.14,South Africa,Average,53.438,2.033088926489942
"Phuket, Thailand",53.17,14.65,34.59,57.38,27.69,55.31,Thailand,Average,41.64,1.04024826029716
"Las Palmas, Spain",52.71,20.09,36.98,44.95,51.06,84.11,Spain,Average,50.584,1.5957123885410738
"Kaunas, Lithuania",52.56,12.38,33.19,41.09,45.84,57.97,Lithuania,Average,41.968,1.1029299847792997
"Recife, Brazil",52.22,12.23,32.93,41.22,41.58,39.68,Brazil,Average,37.386,0.7598621217924167
"Klaipeda, Lithuania",52.09,11.61,32.57,43.52,46.6,58.53,Lithuania,Average,42.47,1.1236321750815894
"Fortaleza, Brazil",52.0,9.81,31.65,43.69,38.32,30.52,Brazil,Average,34.868,0.5869230769230769
"Windhoek, Namibia",51.84,23.11,37.98,47.76,43.74,55.51,Namibia,Average,44.392,1.0707947530864197
"Moscow, Russia",51.82,34.1,43.27,40.9,56.03,59.58,Russia,Average,48.486000000000004,1.1497491316094173
"Braga, Portugal",51.43,12.28,32.55,42.67,36.9,71.62,Portugal,Average,42.980000000000004,1.3925724285436516
"Kosice, Slovakia",51.36,16.16,34.38,44.97,33.36,61.62,Slovakia,Average,41.494,1.199766355140187
"Muscat, Oman",51.2,25.41,38.76,46.81,51.63,103.55,Oman,Average,55.720000000000006,2.0224609375
"Budapest, Hungary",51.0,18.08,35.12,40.71,40.43,55.54,Hungary,Average,41.152,1.0890196078431373
"Jeddah (Jiddah), Saudi Arabia",51.0,14.41,33.35,43.21,34.15,113.18,Saudi Arabia,Average,51.190000000000005,2.21921568627451
"Johor Bahru, Malaysia",50.98,11.96,32.16,63.42,25.08,42.93,Malaysia,Average,38.874,0.84209493919184
"Harare, Zimbabwe",50.74,14.24,33.14,45.45,36.15,26.86,Zimbabwe,Average,34.688,0.5293653921955065
"Belo Horizonte, Brazil",50.41,12.56,32.15,37.82,41.12,35.32,Brazil,Average,35.446,0.7006546320174569
"Florianopolis, Brazil",50.4,15.08,33.37,39.36,42.08,39.69,Brazil,Average,37.322,0.7875
"Addis Ababa, Ethiopia",50.3,24.39,37.8,43.58,22.5,13.57,Ethiopia,Average,30.867999999999995,0.2697813121272366
"Brno, Czech Republic",50.29,19.26,35.32,44.77,34.98,73.86,Czech Republic,Average,44.63199999999999,1.4686816464505865
"San Salvador, El Salvador",50.29,12.78,32.2,51.28,37.29,28.62,El Salvador,Average,36.052,0.5690992244979122
"Al Khobar, Saudi Arabia",50.18,15.67,33.53,44.86,33.74,124.32,Saudi Arabia,Average,53.754,2.4774810681546433
"Johannesburg, South Africa",50.02,22.45,36.72,41.72,49.92,125.99,South Africa,Average,58.02,2.518792483006797
"Petaling Jaya, Malaysia",49.8,12.34,31.73,58.94,23.68,68.75,Malaysia,Average,42.702,1.3805220883534137
"Dar Es Salaam, Tanzania",49.66,24.56,37.55,34.82,33.56,18.87,Tanzania,Average,32.294,0.3799838904550947
"Shenzhen, China",49.65,25.37,37.94,53.67,31.34,83.96,China,Average,48.798,1.6910372608257804
"Penang, Malaysia",49.5,10.67,30.78,56.99,26.28,68.42,Malaysia,Average,42.372,1.3822222222222222
"Guayaquil, Ecuador",49.49,13.57,32.17,44.21,36.59,36.14,Ecuador,Average,36.0,0.7302485350575874
"Curitiba, Brazil",49.43,12.63,31.68,37.0,41.47,46.26,Brazil,Average,37.358,0.9358689055229618
"Phnom Penh, Cambodia",49.24,17.42,33.89,53.68,24.62,26.41,Cambodia,Average,34.274,0.5363525588952072
"Santo Domingo, Dominican Republic",49.1,12.49,31.44,42.25,46.38,28.77,Dominican Republic,Average,35.798,0.5859470468431771
"Irbil, Iraq",49.08,13.91,32.12,41.62,43.07,49.2,Iraq,Average,39.376,1.0024449877750612
"Osijek, Croatia",49.04,8.14,29.32,40.85,36.36,58.44,Croatia,Average,38.565999999999995,1.1916802610114192
"Gdansk, Poland",49.01,17.8,33.96,36.86,40.96,72.77,Poland,Average,43.48,1.4847990206080393
"Ad Dammam, Saudi Arabia",48.87,12.68,31.41,42.33,32.19,141.35,Saudi Arabia,Average,55.483999999999995,2.892367505627174
"Quito, Ecuador",48.84,14.05,32.06,47.67,36.41,34.37,Ecuador,Average,36.268,0.7037264537264536
"Warsaw, Poland",48.31,22.5,35.86,38.53,42.2,77.31,Poland,Average,45.77,1.6002897950734838
"Riyadh, Saudi Arabia",48.21,16.46,32.9,41.46,35.41,129.2,Saudi Arabia,Average,54.148,2.679941920763327
"Chiang Mai, Thailand",47.92,12.1,30.65,60.54,22.68,31.68,Thailand,Average,34.984,0.66110183639399
"Gdynia, Poland",47.86,14.6,31.82,38.15,43.91,72.98,Poland,Average,43.5,1.5248641872127038
"Kota Kinabalu, Malaysia",47.75,10.48,29.78,56.27,23.67,37.17,Malaysia,Average,35.068000000000005,0.7784293193717278
"Cape Town, South Africa",47.55,28.98,38.59,40.96,45.21,94.27,South Africa,Average,51.394000000000005,1.9825446898002104
"Pattaya, Thailand",47.24,18.59,33.42,50.38,29.61,29.96,Thailand,Average,35.156,0.6342082980524979
"Port Elizabeth, South Africa",47.09,13.95,31.11,40.21,41.53,64.08,South Africa,Average,41.372,1.3607984710129537
"Guatemala City, Guatemala",46.97,15.52,31.8,43.64,37.17,41.41,Guatemala,Average,36.942,0.8816265701511603
"Kuching, Malaysia",46.79,6.86,27.53,52.35,20.02,41.76,Malaysia,Average,33.556,0.892498397093396
"Jakarta, Indonesia",46.47,19.34,33.39,49.49,26.34,34.8,Indonesia,Average,35.288,0.748870238863783
"Saint Petersburg, Russia",46.41,20.17,33.75,38.12,47.73,56.75,Russia,Average,41.836,1.2227968110321052
"Durban, South Africa",46.3,15.74,31.56,39.21,43.53,96.43,South Africa,Average,48.242000000000004,2.0827213822894173
"Kuala Lumpur, Malaysia",46.28,17.96,32.62,47.17,27.39,80.73,Malaysia,Average,43.906000000000006,1.7443820224719102
"Wroclaw, Poland",46.27,19.64,33.43,38.06,39.12,74.19,Poland,Average,43.456,1.6034147395720768
"Beijing, China",46.09,33.51,40.02,44.92,35.14,76.61,China,Average,47.254,1.6621826860490343
"Baghdad, Iraq",46.05,14.76,30.96,40.35,42.03,52.05,Iraq,Average,39.048,1.1302931596091206
"Selangor, Malaysia",46.04,11.34,29.31,50.35,23.26,88.61,Malaysia,Average,43.919999999999995,1.9246307558644657
"Olomouc, Czech Republic",45.99,13.01,30.08,43.34,31.6,79.5,Czech Republic,Average,42.688,1.7286366601435095
"Krakow (Cracow), Poland",45.79,18.18,32.48,36.66,38.32,73.59,Poland,Average,42.507999999999996,1.60711945839703
"Maputo, Mozambique",45.29,18.58,32.41,36.64,41.88,33.15,Mozambique,Average,35.108,0.7319496577610951
"Poznan, Poland",45.27,15.45,30.89,37.57,37.54,74.63,Poland,Average,42.092,1.6485531256903023
"Debrecen, Hungary",44.92,10.34,28.24,37.81,33.04,48.52,Hungary,Average,34.926,1.0801424755120215
"Bydgoszcz, Poland",44.91,15.1,30.53,35.24,37.73,66.01,Poland,Average,39.798,1.4698285459808509
"Ostrava, Czech Republic",44.78,10.73,28.36,38.89,32.47,78.36,Czech Republic,Average,41.04600000000001,1.7498883430102723
"Istanbul, Turkey",44.73,14.35,30.08,39.35,33.0,54.57,Turkey,Average,37.2,1.2199865861837693
"Podgorica, Montenegro",44.68,11.1,28.48,35.64,37.75,51.8,Montenegro,Average,36.194,1.1593554162936437
"Szczecin, Poland",44.61,12.73,29.23,35.91,34.7,60.33,Poland,Average,37.656,1.3523873570948217
"Bucharest, Romania",44.38,14.0,29.73,36.6,40.58,58.75,Romania,Average,38.862,1.3237945020279405
"Belgrade, Serbia",43.99,12.28,28.7,32.31,38.34,40.25,Serbia,Average,33.434000000000005,0.9149806774266879
"Lima, Peru",43.92,17.91,31.38,39.88,31.53,39.55,Peru,Average,34.55800000000001,0.9005009107468123
"Bali, Indonesia",43.73,8.12,26.56,49.07,25.29,29.2,Indonesia,Average,31.081999999999994,0.6677338211753945
"Lodz, Poland",43.68,12.79,28.78,34.02,36.68,70.09,Poland,Average,39.452000000000005,1.6046245421245422
"Guangzhou, China",43.5,20.93,32.61,44.04,27.37,79.47,China,Average,43.062,1.826896551724138
"Sofia, Bulgaria",43.11,12.96,28.57,37.06,34.44,60.66,Bulgaria,Average,37.646,1.4070981210855948
"Sarajevo, Bosnia And Herzegovina",42.5,10.13,26.89,35.37,31.5,48.89,Bosnia And Herzegovina,Average,33.678,1.1503529411764706
"Manila, Philippines",42.4,19.94,31.57,38.19,29.13,43.04,Philippines,Average,34.54,1.0150943396226415
"Lublin, Poland",42.33,18.04,30.62,34.52,34.11,57.02,Poland,Average,37.204,1.3470351996220176
"Katowice, Poland",42.28,12.37,27.86,34.17,32.56,81.77,Poland,Average,40.629999999999995,1.934011352885525
"Varna, Bulgaria",42.26,8.71,26.08,37.66,34.85,48.43,Bulgaria,Average,34.382,1.1460009465215335
"Nairobi, Kenya",42.06,12.27,27.7,40.4,34.31,27.87,Kenya,Average,31.381999999999998,0.6626248216833095
"Yekaterinburg, Russia",42.05,12.4,27.75,37.86,36.08,52.61,Russia,Average,36.2,1.2511296076099883
"Cebu, Philippines",41.81,11.84,27.36,43.31,24.71,26.16,Philippines,Average,29.566000000000003,0.625687634537192
"Timisoara, Romania",41.62,10.78,26.75,34.26,36.97,59.09,Romania,Average,36.544,1.4197501201345508
"Rabat, Morocco",41.62,13.47,28.04,37.31,27.57,45.29,Morocco,Average,33.052,1.0881787602114368
"Ho Chi Minh City, Vietnam",41.28,18.81,30.45,42.17,21.09,36.92,Vietnam,Average,32.054,0.8943798449612403
"Ankara, Turkey",41.21,7.95,25.17,36.71,31.39,56.89,Turkey,Average,34.83,1.3804901722882796
"Izmir, Turkey",40.97,8.86,25.48,37.48,29.22,54.57,Turkey,Average,34.22,1.3319502074688798
"Burgas, Bulgaria",40.81,7.29,24.65,35.83,33.58,50.53,Bulgaria,Average,33.608000000000004,1.2381769174222004
"Cluj-Napoca, Romania",40.51,13.6,27.54,34.7,33.06,59.81,Romania,Average,36.336,1.4764255739323624
"Plovdiv, Bulgaria",40.29,7.65,24.55,35.49,33.1,54.98,Bulgaria,Average,34.302,1.3646066021345247
"Bursa, Turkey",40.26,6.73,24.09,34.46,27.63,55.63,Turkey,Average,32.94199999999999,1.3817685047193244
"Yogyakarta, Indonesia",40.01,6.09,23.65,45.78,14.56,30.25,Indonesia,Average,27.338,0.7560609847538116
"Hanoi, Vietnam",39.89,14.56,27.67,40.28,22.71,27.09,Vietnam,Cheap,28.906,0.6791175733266482
"Novosibirsk, Russia",39.86,12.16,26.5,35.77,34.9,47.89,Russia,Cheap,34.116,1.201455092824887
"Banja Luka, Bosnia And Herzegovina",39.85,7.77,24.38,32.73,28.97,51.24,Bosnia And Herzegovina,Cheap,32.112,1.2858218318695107
"Nizhny Novgorod, Russia",39.83,11.38,26.11,35.11,37.77,40.34,Russia,Cheap,32.886,1.0128044187798144
"Iasi, Romania",39.81,10.55,25.7,33.52,34.64,51.29,Romania,Cheap,33.962,1.2883697563426273
"Suzhou, China",39.57,17.11,28.74,39.63,31.65,91.87,China,Cheap,43.966,2.3217083649229213
"Kazan, Russia",39.53,12.81,26.64,33.82,43.81,51.14,Russia,Cheap,36.222,1.2937009865924614
"Sibiu, Romania",39.5,8.46,24.53,32.76,33.38,54.27,Romania,Cheap,33.674,1.3739240506329116
"Tirana, Albania",39.33,9.96,25.17,31.79,32.05,38.05,Albania,Cheap,30.236,0.9674548690566996
"Chengdu, China",39.26,12.73,26.47,38.41,28.42,77.03,China,Cheap,39.17,1.9620478858889456
"Surabaya, Indonesia",39.24,8.6,24.46,43.32,18.67,37.58,Indonesia,Cheap,29.482,0.95769622833843
"Rostov-na-donu, Russia",39.1,12.21,26.13,31.64,41.73,35.31,Russia,Cheap,31.998,0.9030690537084399
"Bogota, Colombia",38.99,13.86,26.87,31.74,29.55,42.03,Colombia,Cheap,31.234,1.0779687099256219
"Oradea, Romania",38.94,7.42,23.74,32.85,25.94,46.65,Romania,Cheap,30.360000000000003,1.1979969183359014
"Novi Sad, Serbia",38.9,7.47,23.74,31.2,28.89,48.41,Serbia,Cheap,30.974,1.2444730077120822
"Casablanca, Morocco",38.81,16.45,28.02,33.78,28.81,47.32,Morocco,Cheap,33.034000000000006,1.219273383148673
"Antalya, Turkey",38.77,7.18,23.53,33.47,29.4,54.45,Turkey,Cheap,32.653999999999996,1.4044364199123034
"Skopje, Macedonia",38.51,9.26,24.4,30.7,29.14,41.99,Macedonia,Cheap,29.919999999999998,1.0903661386652819
"Monterrey, Mexico",38.45,11.52,25.46,35.16,38.06,84.22,Mexico,Cheap,41.482,2.19037711313394
"Cuenca, Ecuador",38.41,10.38,24.89,37.19,26.71,43.44,Ecuador,Cheap,31.226,1.1309554803436606
"Brasov, Romania",38.37,9.96,24.67,31.4,33.82,67.91,Romania,Cheap,36.291999999999994,1.7698722960646338
"Ulaanbaatar, Mongolia",38.13,11.34,25.21,37.23,25.59,33.71,Mongolia,Cheap,29.2,0.8840807762916338
"Medan, Indonesia",37.99,4.71,21.94,41.6,18.35,44.28,Indonesia,Cheap,29.386000000000003,1.165569886812319
"Tehran, Iran",37.8,19.93,29.18,34.45,30.9,43.28,Iran,Cheap,33.272000000000006,1.1449735449735452
"Colombo, Sri Lanka",37.72,9.88,24.29,41.98,22.74,27.62,Sri Lanka,Cheap,27.988,0.732237539766702
"Bandung, Indonesia",37.68,6.05,22.42,43.19,17.12,33.9,Indonesia,Cheap,27.588,0.8996815286624203
"Mexico City, Mexico",37.54,17.84,28.04,34.66,32.65,64.03,Mexico,Cheap,37.344,1.7056473095364946
"Astana, Kazakhstan",37.51,14.88,26.6,32.67,38.79,40.49,Kazakhstan,Cheap,32.868,1.079445481205012
"Nis, Serbia",37.32,5.73,22.09,29.67,30.85,38.68,Serbia,Cheap,28.45,1.0364415862808145
"Kigali, Rwanda",37.18,11.85,24.96,31.27,27.33,28.22,Rwanda,Cheap,27.169999999999998,0.7590102205486821
"Algiers, Algeria",37.13,8.61,23.38,38.43,22.86,33.38,Algeria,Cheap,28.082,0.899003501211958
"Arad, Romania",36.47,9.22,23.33,30.52,28.55,60.77,Romania,Cheap,33.106,1.6663010693720868
"Asuncion, Paraguay",36.16,10.71,23.88,30.88,27.65,34.68,Paraguay,Cheap,28.016000000000002,0.9590707964601771
"Santa Cruz, Bolivia",36.14,14.26,25.59,29.42,29.15,57.64,Bolivia,Cheap,33.322,1.5949086884338683
"Kathmandu, Nepal",36.06,5.83,21.48,33.22,21.92,23.73,Nepal,Cheap,24.152,0.6580698835274542
"Almaty, Kazakhstan",36.05,11.72,24.31,28.66,35.51,46.81,Kazakhstan,Cheap,31.75,1.298474341192788
"Medellin, Colombia",35.87,12.33,24.52,31.73,27.61,29.33,Colombia,Cheap,27.374000000000002,0.8176749372734876
"Cancun, Mexico",35.58,9.8,23.15,29.93,35.3,61.69,Mexico,Cheap,34.46,1.7338392355255763
"Minsk, Belarus",35.3,11.25,23.71,28.55,38.12,43.77,Belarus,Cheap,31.398000000000003,1.239943342776204
"Gurgaon, India",34.9,10.96,23.36,32.59,30.88,110.97,India,Cheap,44.06,3.179656160458453
"Craiova, Romania",34.34,6.84,21.07,28.61,25.41,58.56,Romania,Cheap,30.752,1.7052999417588817
"Guadalajara, Mexico",34.19,10.12,22.58,33.15,30.82,71.87,Mexico,Cheap,36.03,2.102076630593741
"Tijuana, Mexico",34.13,10.81,22.88,32.67,32.65,45.26,Mexico,Cheap,31.104000000000003,1.3261060650454144
"Yerevan, Armenia",34.12,9.37,22.18,27.73,31.77,32.52,Armenia,Cheap,27.101999999999997,0.9531066822977727
"Kampala, Uganda",34.09,7.59,21.31,28.02,26.64,23.36,Uganda,Cheap,23.94,0.685244939865063
"Chisinau, Moldova",34.06,9.35,22.14,27.64,25.5,31.39,Moldova,Cheap,25.588,0.9216089254257193
"Quezon City, Philippines",33.93,7.79,21.33,29.54,19.44,29.57,Philippines,Cheap,24.053999999999995,0.8715001473622164
"Hermosillo, Mexico",33.86,7.29,21.05,30.3,29.75,77.33,Mexico,Cheap,35.706,2.2838157117542823
"Davao, Philippines",33.67,6.84,20.73,32.75,16.83,28.86,Philippines,Cheap,23.79,0.8571428571428571
"Dhaka, Bangladesh",33.64,6.83,20.71,31.89,23.54,37.72,Bangladesh,Cheap,26.724,1.12128418549346
"Caracas, Venezuela",33.64,9.63,22.06,35.03,30.79,3.72,Venezuela,Cheap,22.562,0.11058263971462545
"Queretaro, Mexico",33.51,9.52,21.94,33.17,27.96,63.18,Mexico,Cheap,33.468,1.8854073410922114
"Merida, Mexico",33.18,7.58,20.83,32.01,26.75,37.23,Mexico,Cheap,27.35,1.1220614828209765
"Cali, Colombia",33.04,7.44,20.69,28.79,23.76,39.71,Colombia,Cheap,26.548000000000002,1.2018765133171914
"Puerto Vallarta, Mexico",32.7,11.52,22.48,32.27,31.03,62.36,Mexico,Cheap,33.976,1.9070336391437308
"Puebla, Mexico",32.65,7.22,20.38,28.36,27.84,45.28,Mexico,Cheap,28.27,1.3868300153139357
"Mumbai, India",32.59,22.72,27.83,32.94,26.68,73.49,India,Cheap,37.684000000000005,2.254986192083461
"Noida, India",32.37,6.56,19.92,33.12,24.04,95.95,India,Cheap,38.408,2.9641643497065187
"Delhi, India",32.14,9.74,21.34,30.67,27.54,78.33,India,Cheap,35.684000000000005,2.437149968886123
"Baku, Azerbaijan",31.31,9.65,20.86,27.9,32.31,29.19,Azerbaijan,Cheap,26.072000000000003,0.9322900031938679
"Valenzuela, Philippines",31.23,3.82,18.01,32.44,12.95,31.9,Philippines,Cheap,22.468,1.0214537303874478
"Islamabad, Pakistan",30.83,8.79,20.2,28.5,23.5,43.2,Pakistan,Cheap,26.964,1.4012325656827767
"Bangalore, India",30.34,9.76,20.41,31.47,20.23,100.26,India,Cheap,38.412,3.3045484508899143
"Tunis, Tunisia",30.06,7.39,19.13,29.49,18.19,34.32,Tunisia,Cheap,23.889999999999997,1.1417165668662674
"Thane, India",29.82,9.3,19.92,31.07,21.18,70.55,India,Cheap,32.384,2.3658618376928233
"Odesa, Ukraine",29.79,10.23,20.36,22.29,24.04,27.73,Ukraine,Cheap,22.816,0.9308492782813025
"Tbilisi, Georgia",29.73,10.6,20.5,24.65,29.18,35.61,Georgia,Cheap,25.953999999999997,1.1977800201816347
"Pune, India",29.66,7.95,19.19,30.75,21.4,99.44,India,Cheap,37.839999999999996,3.3526635198921104
"Lahore, Pakistan",29.53,6.67,18.5,26.83,26.39,51.44,Pakistan,Cheap,28.172000000000004,1.7419573315272603
"Pristina, Kosovo (Disputed Territory)",29.25,9.38,19.67,25.97,22.78,64.57,Kosovo (Disputed Territory),Cheap,30.389999999999997,2.2075213675213674
"Chandigarh, India",29.04,6.47,18.15,29.4,20.18,68.83,India,Cheap,30.784000000000002,2.3701790633608817
"Ahmedabad, India",28.67,6.24,17.85,31.42,20.13,73.59,India,Cheap,32.010000000000005,2.566794558772236
"Surat, India",28.66,4.69,17.1,31.97,19.84,57.84,India,Cheap,28.6,2.0181437543614793
"Chennai, India",28.42,7.12,18.14,31.17,18.26,72.34,India,Cheap,31.462,2.545390570021112
"Goa, India",28.3,8.27,18.64,29.8,22.96,54.55,India,Cheap,28.776,1.9275618374558303
"Indore, India",28.06,4.66,16.78,27.74,17.77,50.42,India,Cheap,25.729999999999997,1.7968638631503921
"Kolkata, India",27.99,7.77,18.24,28.53,23.18,56.3,India,Cheap,28.753999999999998,2.011432654519471
"Lucknow (Lakhnau), India",27.55,4.9,16.62,27.25,18.76,76.1,India,Cheap,30.912,2.7622504537205077
"Kiev, Ukraine",27.52,12.43,20.24,21.96,22.01,37.48,Ukraine,Cheap,24.28,1.3619186046511627
"Jaipur, India",27.11,5.19,16.54,27.65,18.48,76.5,India,Cheap,30.986,2.8218369605311695
"Karachi, Pakistan",27.1,7.46,17.63,25.6,21.62,39.06,Pakistan,Cheap,24.168,1.4413284132841329
"Hyderabad, India",26.92,6.89,17.26,27.6,18.93,80.9,India,Cheap,32.248000000000005,3.0052005943536404
"Cairo, Egypt",26.49,5.43,16.33,23.23,22.55,25.27,Egypt,Cheap,20.594,0.9539448848622122
"Dnipropetrovsk, Ukraine",26.39,6.63,16.86,20.46,22.74,31.06,Ukraine,Cheap,21.456,1.1769609700644184
"Nagpur, India",26.23,4.96,15.97,26.55,18.73,95.19,India,Cheap,34.332,3.6290507052992753
"Bhopal, India",26.07,4.13,15.49,22.49,16.21,66.21,India,Cheap,27.022000000000002,2.53970080552359
"Vadodara, India",25.59,4.01,15.18,27.85,16.02,80.63,India,Cheap,30.82,3.1508401719421646
"Mangalore, India",25.46,5.7,15.93,26.85,16.04,94.53,India,Cheap,33.716,3.7128829536527888
"Lviv, Ukraine",25.31,8.1,17.01,20.5,17.88,26.88,Ukraine,Cheap,19.733999999999998,1.062030817858554
"Mysore, India",25.2,4.01,14.98,29.39,13.31,42.49,India,Cheap,22.880000000000003,1.6861111111111113
"Bhubaneswar, India",24.89,4.68,15.14,28.22,14.91,57.56,India,Cheap,26.052,2.312575331458417
"Kharkiv, Ukraine",24.85,8.29,16.87,19.26,18.44,27.19,Ukraine,Cheap,19.606,1.0941649899396377
"Visakhapatnam, India",24.66,4.85,15.11,25.83,18.07,63.97,India,Cheap,27.476,2.5940794809407945
"Kochi, India",24.65,6.31,15.8,26.93,13.94,77.7,India,Cheap,29.906,3.1521298174442194
"Coimbatore, India",24.61,5.35,15.32,25.23,15.21,53.23,India,Cheap,24.726,2.1629418935392115
"Alexandria, Egypt",23.78,4.34,14.4,23.19,17.66,23.75,Egypt,Cheap,18.544,0.9987384356602186
"Navi Mumbai, India",23.44,6.25,15.15,24.02,14.14,111.99,India,Cheap,35.967999999999996,4.7777303754266205
"Thiruvananthapuram, India",20.86,5.1,13.26,21.98,12.06,66.25,India,Cheap,25.25,3.175934803451582
